<?xml version="1.0" encoding="UTF-8"?>
<beans
	xmlns="http://www.springframework.org/schema/beans"
	xmlns:xsi="http://www.w3.org/2001/XMLSchema-instance"
	xmlns:p="http://www.springframework.org/schema/p"
	xsi:schemaLocation="http://www.springframework.org/schema/beans http://www.springframework.org/schema/beans/spring-beans-3.0.xsd">

<!--<bean id="e" class="com.demo.di.Employee"></bean>
-->

<!--<bean id="e1" class="com.demo.di.Employee">
<constructor-arg value="10" type="int"></constructor-arg>
</bean>
-->

<!--<bean id="e2" class="com.demo.di.Employee">
<constructor-arg value="10"></constructor-arg>
</bean>
-->
<!--<bean id="e3" class="com.demo.di.Employee">
<constructor-arg value="Sam"></constructor-arg>
</bean>
-->

<!--<bean id="e4" class="com.demo.di.Employee">
<constructor-arg value="12" type="int"></constructor-arg>
<constructor-arg value="Smith"></constructor-arg>
</bean>
-->


<bean id="add" class="com.di.demo.Address">
<constructor-arg value="Mumbai"></constructor-arg>
<constructor-arg value="Maharashtra"></constructor-arg>
<constructor-arg value="India"></constructor-arg>
</bean>


<bean id="emp" class="com.di.demo.Employee">
<constructor-arg value="11" type="int"></constructor-arg>
<constructor-arg value="Ashutosh"></constructor-arg>
<constructor-arg>
<ref bean="add"/>
</constructor-arg>
</bean>

</beans>