<?xml version="1.0" encoding="UTF-8"?>
<beans xmlns="http://www.springframework.org/schema/beans"
	xmlns:xsi="http://www.w3.org/2001/XMLSchema-instance" xmlns:context="http://www.springframework.org/schema/context"
	xmlns:mvc="http://www.springframework.org/schema/mvc"
	xsi:schemaLocation="http://www.springframework.org/schema/beans http://www.springframework.org/schema/beans/spring-beans-3.2.xsd
		http://www.springframework.org/schema/context http://www.springframework.org/schema/context/spring-context-3.2.xsd
		http://www.springframework.org/schema/mvc http://www.springframework.org/schema/mvc/spring-mvc-3.2.xsd">
	<!-- to enable internal anno support -->
	<context:annotation-config />
	<!-- to supply base pkg for auto comp scanning -->
	<context:component-scan base-package="com.app" />
	<!-- to enable mvc anno -->
	<mvc:annotation-driven />
	<!-- for jsp templates MUST configure ViewResolver -->
	<bean id="viewResolver"
		class="org.springframework.web.servlet.view.InternalResourceViewResolver">
		<property name="prefix" value="/WEB-INF/views/" />
		<property name="suffix" value=".jsp"></property>
		<property name="viewClass"
			value="org.springframework.web.servlet.view.JstlView" />
	</bean>

</beans>
